id,surname,name,account id,number,agency,balance,limit,card id,card number,card limit1
1,Kotb,Kareem,2,01.0992923-4,23,19025025,200000,1,xxxx xxxx xxxx 1111,200000
2,Helal,Asma,5,01.0510674-4,23,49800959,200000,1,xxxx xxxx xxxx 1111,200000
3,Fayed,Yahia,2,01.0284409-4,23,35546855,200000,1,xxxx xxxx xxxx 1111,200000
4,Ibrahim,Hassanya,2,01.0929856-4,23,20364916,200000,1,xxxx xxxx xxxx 1111,200000
5,Fikry,Afreen,3,01.0772160-4,23,40227453,200000,1,xxxx xxxx xxxx 1111,200000
6,Issa,Dalal,3,01.0298617-4,23,14459531,200000,1,xxxx xxxx xxxx 1111,200000
7,Gaber,Mohamed,3,01.0462028-4,23,25634417,200000,1,xxxx xxxx xxxx 1111,200000
8,Medhat,Uday,4,,23,36560471,200000,1,xxxx xxxx xxxx 1111,200000
9,Raouf,Wael,5,01.0948565-4,23,6467097,200000,1,xxxx xxxx xxxx 1111,200000
10,Nassar,Wael,4,01.0048134-4,23,5336062,200000,1,xxxx xxxx xxxx 1111,200000
11,Rezk,Rasheeda,1,01.0714615-4,23,15898804,200000,1,xxxx xxxx xxxx 1111,200000
12,Fawzi,Umar,3,01.0851932-4,23,12951209,200000,1,xxxx xxxx xxxx 1111,200000
13,Mabrouk,Jibrail,1,01.0234278-4,23,27493484,200000,1,xxxx xxxx xxxx 1111,200000
14,Badh,Dalal,1,01.0188875-4,23,33714382,200000,1,xxxx xxxx xxxx 1111,200000
15,Soliman,Mohamed,3,01.0766063-4,23,40675935,200000,1,xxxx xxxx xxxx 1111,200000
16,Rashwan,Abdul,2,01.0564128-4,23,16537779,200000,1,xxxx xxxx xxxx 1111,200000
17,Sharaf,Abdul,4,01.0310199-4,23,,200000,1,xxxx xxxx xxxx 1111,200000
18,Zaky,Nazim,5,01.0758179-4,23,-1505463,200000,1,xxxx xxxx xxxx 1111,200000
19,Sallam,Kareem,3,01.0401697-4,23,47172987,200000,1,xxxx xxxx xxxx 1111,200000
20,Yousry,Nazim,1,01.0042497-4,23,23661764,200000,1,xxxx xxxx xxxx 1111,200000
21,Helmy,Bashar,5,01.0711158-4,23,26230836,200000,1,xxxx xxxx xxxx 1111,200000
22,Elnaggar,Aziz,3,01.0274432-4,23,49868834,200000,1,xxxx xxxx xxxx 1111,200000
23,Abo,Wael,3,01.0675181-4,23,-4829082,200000,1,xxxx xxxx xxxx 1111,200000
24,Hisham,Nadja,3,01.0993009-4,23,18205666,200000,1,xxxx xxxx xxxx 1111,200000
25,Saeed,Nafujjah,4,01.0867174-4,23,-6343261,200000,1,xxxx xxxx xxxx 1111,200000
26,Salim,Kadr,3,01.0096902-4,23,46431153,200000,1,xxxx xxxx xxxx 1111,200000
27,Ailhiyah,Habiba,3,01.0570799-4,23,16049808,200000,1,xxxx xxxx xxxx 1111,200000
28,Ghoneim,Kareem,5,01.0017094-4,23,28778744,200000,1,xxxx xxxx xxxx 1111,200000
29,Eid,Aziz,5,01.0708945-4,23,2233483,200000,1,xxxx xxxx xxxx 1111,200000
30,Mahmoud,Ab,3,01.0514274-4,23,-6132360,200000,1,xxxx xxxx xxxx 1111,200000
31,Osman,Nazim,2,01.0472094-4,23,-9558567,200000,1,xxxx xxxx xxxx 1111,200000
32,Ezzat,Bashar,1,01.0130775-4,23,15884791,200000,1,xxxx xxxx xxxx 1111,200000
33,Kareem,Rasheeda,2,01.0837740-4,23,-6465732,200000,1,xxxx xxxx xxxx 1111,200000
34,Nady,Mohamed,5,01.0043122-4,23,11912097,200000,1,xxxx xxxx xxxx 1111,200000
35,Abdelkader,Nadja,1,01.0083131-4,23,12174334,200000,1,xxxx xxxx xxxx 1111,200000
36,Adam,Bashar,1,,23,5061625,200000,1,xxxx xxxx xxxx 1111,200000
37,Yasser,Mohamed,3,01.0912827-4,23,27541120,200000,1,xxxx xxxx xxxx 1111,200000
38,Badr,Kareem,3,01.0217875-4,23,44864310,200000,1,xxxx xxxx xxxx 1111,200000
39,Belal,Sadam,5,01.0994364-4,23,18680137,200000,1,xxxx xxxx xxxx 1111,200000
40,Ismail,Ashraqat,4,01.0578340-4,23,-9330247,200000,1,xxxx xxxx xxxx 1111,200000
41,Shams,Zahir,2,01.0910504-4,23,2010182,200000,1,xxxx xxxx xxxx 1111,200000
42,El sayed,Mohamed,4,01.0604416-4,23,45630131,200000,1,xxxx xxxx xxxx 1111,200000
43,Mabrouk,Abu,2,01.0558075-4,23,15716307,200000,1,xxxx xxxx xxxx 1111,200000
44,Adam,Nafujjah,4,01.0236799-4,23,508480,200000,1,xxxx xxxx xxxx 1111,200000
45,Zaky,Wael,5,01.0350862-4,23,-2494884,200000,1,xxxx xxxx xxxx 1111,200000
46,Ehab,Asma,3,01.0173142-4,23,49597175,200000,1,xxxx xxxx xxxx 1111,200000
47,Aly,Aisha,3,01.0996726-4,23,1783640,200000,1,xxxx xxxx xxxx 1111,200000
48,Raslan,Abdul,3,01.0507767-4,23,45822783,200000,1,xxxx xxxx xxxx 1111,200000
49,Hussein,Yacine,1,01.0141473-4,23,14352040,200000,1,xxxx xxxx xxxx 1111,200000
50,Sameh,Abdul,5,01.0494473-4,23,25073921,200000,1,xxxx xxxx xxxx 1111,200000
51,Yassin,Zahir,5,01.0181267-4,23,-1105809,200000,1,xxxx xxxx xxxx 1111,200000
52,Mohamad,Fatmah,2,,23,,200000,1,xxxx xxxx xxxx 1111,200000
53,Youssef,Aisha,5,01.0704922-4,23,11802879,200000,1,xxxx xxxx xxxx 1111,200000
54,Elnaggar,Yusuf,3,01.0496388-4,23,-7524952,200000,1,xxxx xxxx xxxx 1111,200000
55,Zahran,Uday,1,01.0283093-4,23,35612059,200000,1,xxxx xxxx xxxx 1111,200000
56,Malak,Kadr,1,01.0458201-4,23,-4948559,200000,1,xxxx xxxx xxxx 1111,200000
57,Hamza,Aisha,1,01.0130090-4,23,-85589,200000,1,xxxx xxxx xxxx 1111,200000
58,Alalah,Abu,4,01.0719734-4,23,48904239,200000,1,xxxx xxxx xxxx 1111,200000
59,Wadesdani,Kareem,5,01.0472945-4,23,-1131022,200000,1,xxxx xxxx xxxx 1111,200000
60,Hammad,Yacine,4,01.0269259-4,23,3860108,200000,1,xxxx xxxx xxxx 1111,200000
61,Hamouda,Habiba,5,01.0009870-4,23,16782356,200000,1,xxxx xxxx xxxx 1111,200000
62,Helal,Asma,2,01.0646148-4,23,31295360,200000,1,xxxx xxxx xxxx 1111,200000
63,Abdullah,Yusuf,2,01.0710639-4,23,22436563,200000,1,xxxx xxxx xxxx 1111,200000
64,Eissa,Ab,5,01.0994133-4,23,32251449,200000,1,xxxx xxxx xxxx 1111,200000
65,Hany,Nazim,3,01.0270993-4,23,44008701,200000,1,xxxx xxxx xxxx 1111,200000
66,Magdy,Mussa,1,01.0368442-4,23,42083811,200000,1,xxxx xxxx xxxx 1111,200000
67,Kassem,Jibrail,2,01.0563137-4,23,17015094,200000,1,xxxx xxxx xxxx 1111,200000
68,Azzam,Mohamed,4,01.0816276-4,23,31049271,200000,1,xxxx xxxx xxxx 1111,200000
69,Abdelrahman,Ab,2,01.0359059-4,23,12538236,200000,1,xxxx xxxx xxxx 1111,200000
70,Hashem,Mussa,2,01.0718574-4,23,31397115,200000,1,xxxx xxxx xxxx 1111,200000
71,Younes,Umar,2,01.0599562-4,23,-1606691,200000,1,xxxx xxxx xxxx 1111,200000
72,Asaad,Bushra,5,01.0584295-4,23,39188542,200000,1,xxxx xxxx xxxx 1111,200000
73,Zagazig,Mussa,4,01.0584463-4,23,12678526,200000,1,xxxx xxxx xxxx 1111,200000
74,Samir,Rasheed,3,01.0214866-4,23,24746252,200000,1,xxxx xxxx xxxx 1111,200000
75,Atia,Ab,5,01.0162463-4,23,44316312,200000,1,xxxx xxxx xxxx 1111,200000
76,Saleh,Umar,4,01.0192553-4,23,19601165,200000,1,xxxx xxxx xxxx 1111,200000
77,Darwish,Rabbah,1,01.0992209-4,23,14049006,200000,1,xxxx xxxx xxxx 1111,200000
78,Hanafy,Aisha,2,01.0985650-4,23,39110169,200000,1,xxxx xxxx xxxx 1111,200000
79,Yahia,Dalal,5,01.0590226-4,23,17263805,200000,1,xxxx xxxx xxxx 1111,200000
80,Farid,Amal,1,01.0913710-4,23,-9900124,200000,1,xxxx xxxx xxxx 1111,200000
81,Ramadan,Amal,2,01.0489668-4,23,34607533,200000,1,xxxx xxxx xxxx 1111,200000
82,Fares,Abdul,1,01.0001570-4,23,-2377655,200000,1,xxxx xxxx xxxx 1111,200000
83,Fadel,Zahir,1,01.0285781-4,23,49683863,200000,1,xxxx xxxx xxxx 1111,200000
84,Badr,Muammar,4,01.0178636-4,23,7286322,200000,1,xxxx xxxx xxxx 1111,200000
85,Rashed,Bushra,3,01.0596778-4,23,-5701288,200000,1,xxxx xxxx xxxx 1111,200000
86,Hegazy,Rashida,1,01.0902817-4,23,39589714,200000,1,xxxx xxxx xxxx 1111,200000
87,Ragab,Chaima,3,01.0483002-4,23,18031186,200000,1,xxxx xxxx xxxx 1111,200000
88,Lalh,Yehia,2,01.0247774-4,23,4031742,200000,1,xxxx xxxx xxxx 1111,200000
89,Metwally,Sadam,2,01.0563361-4,23,11548344,200000,1,xxxx xxxx xxxx 1111,200000
90,Saied,Muammar,5,01.0902358-4,23,6177443,200000,1,xxxx xxxx xxxx 1111,200000
91,Younes,Fatmah,3,01.0378304-4,23,30328806,200000,1,xxxx xxxx xxxx 1111,200000
92,Elnagar,Waleed,4,01.0456945-4,23,48050713,200000,1,xxxx xxxx xxxx 1111,200000
93,Islam,Zahir,1,01.0165859-4,23,42518133,200000,1,xxxx xxxx xxxx 1111,200000
94,Gomaa,Asma,1,01.0326580-4,23,16878609,200000,1,xxxx xxxx xxxx 1111,200000
95,Awad,Yacine,5,01.0892235-4,23,47988357,200000,1,xxxx xxxx xxxx 1111,200000
96,Shaheen,Amal,1,01.0406246-4,23,17630121,200000,1,xxxx xxxx xxxx 1111,200000
97,Islam,Fatmah,1,01.0843627-4,23,36491962,200000,1,xxxx xxxx xxxx 1111,200000
98,Alasid,Yehia,5,01.0908826-4,23,21373770,200000,1,xxxx xxxx xxxx 1111,200000
99,Abu zaid,Fatmah,4,01.0265761-4,23,21558266,200000,1,xxxx xxxx xxxx 1111,200000
100,Makram,Rabbah,1,01.0978683-4,23,4963131,200000,1,xxxx xxxx xxxx 1111,200000
101,Abu,Jibrail,1,01.0904100-4,23,26734188,200000,1,xxxx xxxx xxxx 1111,200000
102,Kamel,Mussa,1,01.0371187-4,23,-1735455,200000,1,xxxx xxxx xxxx 1111,200000
103,Hesham,Hassanya,3,01.0155216-4,23,46510279,200000,1,xxxx xxxx xxxx 1111,200000
104,Zaghloul,Nadja,5,01.0022730-4,23,19873986,200000,1,xxxx xxxx xxxx 1111,200000
105,Bakr,Samr,4,01.0673772-4,23,41437948,200000,1,xxxx xxxx xxxx 1111,200000
106,Mansour,Aziz,5,01.0410989-4,23,45796668,200000,1,xxxx xxxx xxxx 1111,200000
107,Zein,Rasheed,5,01.0218059-4,23,38769980,200000,1,xxxx xxxx xxxx 1111,200000
108,Shalaby,Abu,2,01.0789800-4,23,13252675,200000,1,xxxx xxxx xxxx 1111,200000
109,Younis,Zahir,1,01.0183775-4,23,45787650,200000,1,xxxx xxxx xxxx 1111,200000
110,Elmasry,Asma,5,01.0171885-4,23,4847043,200000,1,xxxx xxxx xxxx 1111,200000
111,Elsaid,Kareem,4,01.0281351-4,23,16753605,200000,1,xxxx xxxx xxxx 1111,200000
112,Mabrouk,Asma,2,01.0523416-4,23,16108153,200000,1,xxxx xxxx xxxx 1111,200000
113,Zayed,Boulos,1,01.0107481-4,23,48588014,200000,1,xxxx xxxx xxxx 1111,200000
114,Elnaggar,Zakaryya,4,01.0925544-4,23,-4875785,200000,1,xxxx xxxx xxxx 1111,200000
115,Khalaf,Waleed,2,,23,17883415,200000,1,xxxx xxxx xxxx 1111,200000
116,Atef,Aziz,2,01.0261947-4,23,34395735,200000,1,xxxx xxxx xxxx 1111,200000
117,Mahdy,Kadr,3,01.0372968-4,23,29923200,200000,1,xxxx xxxx xxxx 1111,200000
118,Hashim,Kareem,2,01.0154201-4,23,38957067,200000,1,xxxx xxxx xxxx 1111,200000
119,Amin,Yehia,1,01.0586535-4,23,-201511,200000,1,xxxx xxxx xxxx 1111,200000
120,Abdo,Habiba,3,01.0530158-4,23,-701135,200000,1,xxxx xxxx xxxx 1111,200000
121,Attia,Kadr,3,01.0325044-4,23,34385744,200000,1,xxxx xxxx xxxx 1111,200000
122,Tarek,Jibrail,3,01.0043434-4,23,48033430,200000,1,xxxx xxxx xxxx 1111,200000
123,Ali,Nazim,4,01.0688995-4,23,4197407,200000,1,xxxx xxxx xxxx 1111,200000
124,Salah,Chaima,3,01.0858890-4,23,11792189,200000,1,xxxx xxxx xxxx 1111,200000
125,Shoukry,Boulos,1,01.0203604-4,23,4947640,200000,1,xxxx xxxx xxxx 1111,200000
126,Soliman,Boutheina,3,01.0433384-4,23,24268929,200000,1,xxxx xxxx xxxx 1111,200000
127,Sultan,Amalia,1,01.0041044-4,23,49291843,200000,1,xxxx xxxx xxxx 1111,200000
128,Ghanem,Mohamed,1,01.0730164-4,23,35296702,200000,1,xxxx xxxx xxxx 1111,200000
129,Wadesdani,Nadja,5,01.0723145-4,23,42959494,200000,1,xxxx xxxx xxxx 1111,200000
130,Omran,Amalia,4,01.0816856-4,23,-5387681,200000,1,xxxx xxxx xxxx 1111,200000
131,Thabet,Umar,1,01.0972040-4,23,-1893259,200000,1,xxxx xxxx xxxx 1111,200000
132,Eissa,Abu,5,01.0733708-4,23,35115770,200000,1,xxxx xxxx xxxx 1111,200000
133,Hosni,Yusuf,1,01.0532178-4,23,27600572,200000,1,xxxx xxxx xxxx 1111,200000
134,Atef,Fatmah,5,01.0205354-4,23,1121326,200000,1,xxxx xxxx xxxx 1111,200000
135,Eldeeb,Rashida,4,01.0680716-4,23,35945053,200000,1,xxxx xxxx xxxx 1111,200000
136,Ezzat,Boutheina,4,01.0828282-4,23,1640800,200000,1,xxxx xxxx xxxx 1111,200000
137,Moawad,Mohamed,1,01.0729339-4,23,46879291,200000,1,xxxx xxxx xxxx 1111,200000
138,Raouf,Mussa,2,01.0474596-4,23,15011930,200000,1,xxxx xxxx xxxx 1111,200000
139,AbdallahMaher,Mohamed,1,01.0950524-4,23,9728160,200000,1,xxxx xxxx xxxx 1111,200000
140,Mounir,Yehia,2,01.0469596-4,23,34664485,200000,1,xxxx xxxx xxxx 1111,200000
141,Abu,Bashar,1,01.0676786-4,23,7177183,200000,1,xxxx xxxx xxxx 1111,200000
142,Esmail,Ab,4,01.0254408-4,23,-4517367,200000,1,xxxx xxxx xxxx 1111,200000
143,Hazem,Mussa,4,01.0229957-4,23,17518248,200000,1,xxxx xxxx xxxx 1111,200000
144,Hamad,Chaima,2,01.0569258-4,23,29622085,200000,1,xxxx xxxx xxxx 1111,200000
145,Khattab,Fatmah,1,01.0867432-4,23,48974455,200000,1,xxxx xxxx xxxx 1111,200000
146,Auljunh,Mahmoud,3,01.0305315-4,23,12253522,200000,1,xxxx xxxx xxxx 1111,200000
147,Ramzy,Mussa,4,01.0153021-4,23,21272254,200000,1,xxxx xxxx xxxx 1111,200000
148,Fawzy,Chaima,1,01.0686350-4,23,28230846,200000,1,xxxx xxxx xxxx 1111,200000
149,Khattab,Boutheina,5,01.0729632-4,23,873399,200000,1,xxxx xxxx xxxx 1111,200000
150,Gamal,Rasheeda,2,01.0733563-4,23,36185174,200000,1,xxxx xxxx xxxx 1111,200000
151,Said,Yehia,4,01.0142277-4,23,15218269,200000,1,xxxx xxxx xxxx 1111,200000
152,Nasser,Chaima,5,01.0962908-4,23,28272563,200000,1,xxxx xxxx xxxx 1111,200000
153,Shoukry,Wael,3,01.0670048-4,23,23423930,200000,1,xxxx xxxx xxxx 1111,200000
154,Azab,Boulos,5,01.0214029-4,23,-5602988,200000,1,xxxx xxxx xxxx 1111,200000
155,Ammar,Anwar,3,01.0876589-4,23,40395265,200000,1,xxxx xxxx xxxx 1111,200000
156,GergesNegm,Boulos,1,01.0574837-4,23,19729368,200000,1,xxxx xxxx xxxx 1111,200000
157,Thabet,Rasheeda,1,01.0165954-4,23,11383976,200000,1,xxxx xxxx xxxx 1111,200000
158,Belal,Dalal,5,01.0179354-4,23,17140056,200000,1,xxxx xxxx xxxx 1111,200000
159,Shaheen,Ab,5,01.0679190-4,23,38710844,200000,1,xxxx xxxx xxxx 1111,200000
160,Ayoub,Yacine,3,01.0732849-4,23,29566871,200000,1,xxxx xxxx xxxx 1111,200000
161,Eissa,Habiba,4,01.0935062-4,23,48427239,200000,1,xxxx xxxx xxxx 1111,200000
162,Abdelrahman,Bashar,2,01.0051960-4,23,10853021,200000,1,xxxx xxxx xxxx 1111,200000
163,Abu ahmed,Ashraqat,1,01.0084341-4,23,46417706,200000,1,xxxx xxxx xxxx 1111,200000
164,Malouf,Boutheina,2,01.0205825-4,23,37072753,200000,1,xxxx xxxx xxxx 1111,200000
165,Yousry,Wael,4,01.0047910-4,23,31514987,200000,1,xxxx xxxx xxxx 1111,200000
166,Fekry,Fatmah,5,01.0241037-4,23,-2296830,200000,1,xxxx xxxx xxxx 1111,200000
167,Abdullah,Mohamed,2,01.0178741-4,23,11028193,200000,1,xxxx xxxx xxxx 1111,200000
168,Mena,Zahir,5,01.0162026-4,23,48354440,200000,1,xxxx xxxx xxxx 1111,200000
169,Issa,Umar,1,01.0906164-4,23,-3579578,200000,1,xxxx xxxx xxxx 1111,200000
170,Maged,Boulos,1,01.0607530-4,23,49184864,200000,1,xxxx xxxx xxxx 1111,200000
171,Othman,Zakaryya,1,01.0485159-4,23,22565166,200000,1,xxxx xxxx xxxx 1111,200000
172,Hany,Rasheeda,1,01.0642799-4,23,3169629,200000,1,xxxx xxxx xxxx 1111,200000
173,Moustafa,Sadam,2,01.0168440-4,23,49678155,200000,1,xxxx xxxx xxxx 1111,200000
174,Moustafa,Afrin,1,01.0296698-4,23,34493905,200000,1,xxxx xxxx xxxx 1111,200000
175,Hashem,Afreen,3,01.0629889-4,23,48254663,200000,1,xxxx xxxx xxxx 1111,200000
176,Hesham,Abu,1,01.0710505-4,23,43499024,200000,1,xxxx xxxx xxxx 1111,200000
177,Said,Uday,2,01.0602372-4,23,35247979,200000,1,xxxx xxxx xxxx 1111,200000
178,Shokry,Mussa,2,01.0441569-4,23,22371709,200000,1,xxxx xxxx xxxx 1111,200000
179,Zein,Boulos,4,01.0516113-4,23,30329464,200000,1,xxxx xxxx xxxx 1111,200000
180,Morsy,Mahmoud,3,01.0504300-4,23,12772318,200000,1,xxxx xxxx xxxx 1111,200000
181,Anwar,Amalia,2,01.0162568-4,23,18074244,200000,1,xxxx xxxx xxxx 1111,200000
182,Eid,Mussa,1,01.0135373-4,23,-8202181,200000,1,xxxx xxxx xxxx 1111,200000
183,Eldeeb,Dalal,3,01.0118481-4,23,48929659,200000,1,xxxx xxxx xxxx 1111,200000
184,Ismail,Samr,3,01.0094591-4,23,43735909,200000,1,xxxx xxxx xxxx 1111,200000
185,Seif,Wael,4,01.0617590-4,23,19301709,200000,1,xxxx xxxx xxxx 1111,200000
186,Hafez,Bashar,2,01.0485128-4,23,5672261,200000,1,xxxx xxxx xxxx 1111,200000
187,Kassem,Abdul,4,01.0698964-4,23,-9346069,200000,1,xxxx xxxx xxxx 1111,200000
188,Shaheen,Mussa,1,01.0150358-4,23,10935833,200000,1,xxxx xxxx xxxx 1111,200000
189,Fekry,Kareem,5,01.0929487-4,23,15767050,200000,1,xxxx xxxx xxxx 1111,200000
190,Lalh,Aziz,3,01.0953906-4,23,-3996064,200000,1,xxxx xxxx xxxx 1111,200000
191,Samy,Jibrail,2,01.0300193-4,23,25108507,200000,1,xxxx xxxx xxxx 1111,200000
192,Atef,Rabbah,3,01.0469151-4,23,27214371,200000,1,xxxx xxxx xxxx 1111,200000
193,Selim,Kareem,1,01.0097029-4,23,35375564,200000,1,xxxx xxxx xxxx 1111,200000
194,De ana,Bashar,2,01.0161098-4,23,18383486,200000,1,xxxx xxxx xxxx 1111,200000
195,Adly,Ashraqat,3,01.0802620-4,23,23945022,200000,1,xxxx xxxx xxxx 1111,200000
196,Samir,Kareem,2,01.0448451-4,23,15121670,200000,1,xxxx xxxx xxxx 1111,200000
197,Kassem,Zakaryya,1,01.0071378-4,23,-8863946,200000,1,xxxx xxxx xxxx 1111,200000
198,Hanna,Dalal,4,01.0252362-4,23,15619716,200000,1,xxxx xxxx xxxx 1111,200000
199,Malak,Boutheina,5,01.0489990-4,23,12687442,200000,1,xxxx xxxx xxxx 1111,200000
200,Hakim,Aisha,3,01.0360392-4,23,48460401,200000,1,xxxx xxxx xxxx 1111,200000
201,Abdelkader,Aziz,2,01.0311777-4,23,-4245399,200000,1,xxxx xxxx xxxx 1111,200000
202,Mourad,Fatmah,4,01.0976050-4,23,35990589,200000,1,xxxx xxxx xxxx 1111,200000
203,Elsayed,Abu,5,01.0318506-4,23,47154216,200000,1,xxxx xxxx xxxx 1111,200000
204,Dawood,Afrin,4,01.0733813-4,23,37598161,200000,1,xxxx xxxx xxxx 1111,200000
205,Youssef,Abdul Latif,3,01.0240117-4,23,20277036,200000,1,xxxx xxxx xxxx 1111,200000
206,Sayed,Zakaryya,1,01.0162102-4,23,1474481,200000,1,xxxx xxxx xxxx 1111,200000
207,Badran,Nafujjah,4,01.0676018-4,23,7402628,200000,1,xxxx xxxx xxxx 1111,200000
208,Fouad,Zakaryya,4,01.0310368-4,23,43003602,200000,1,xxxx xxxx xxxx 1111,200000
209,Hashem,Hassanya,3,01.0055559-4,23,6000380,200000,1,xxxx xxxx xxxx 1111,200000
210,Gaber,Fatmah,5,01.0343855-4,23,6238400,200000,1,xxxx xxxx xxxx 1111,200000
211,Ayman,Sadam,3,01.0345945-4,23,25221391,200000,1,xxxx xxxx xxxx 1111,200000
212,Hisham,Rabbah,1,01.0118876-4,23,1682575,200000,1,xxxx xxxx xxxx 1111,200000
213,Hazem,Ashraqat,3,01.0388256-4,23,48568654,200000,1,xxxx xxxx xxxx 1111,200000
214,Othman,Aisha,5,01.0482199-4,23,15661037,200000,1,xxxx xxxx xxxx 1111,200000
215,Saied,Ab,5,01.0892542-4,23,34805329,200000,1,xxxx xxxx xxxx 1111,200000
216,Younes,Rashida,5,01.0498461-4,23,45074537,200000,1,xxxx xxxx xxxx 1111,200000
217,Ali,Uday,4,01.0083491-4,23,11087329,200000,1,xxxx xxxx xxxx 1111,200000
218,Khaled,Amal,3,01.0972529-4,23,-8795754,200000,1,xxxx xxxx xxxx 1111,200000
219,Abdel,Afrin,3,01.0236515-4,23,39495395,200000,1,xxxx xxxx xxxx 1111,200000
220,Salem,Kareem,5,01.0929678-4,23,1005610,200000,1,xxxx xxxx xxxx 1111,200000
221,Hanafy,Rasheed,2,01.0319105-4,23,48660631,200000,1,xxxx xxxx xxxx 1111,200000
222,Hosny,Samr,2,01.0189016-4,23,2308901,200000,1,xxxx xxxx xxxx 1111,200000
223,Mido,Nafujjah,5,01.0112521-4,23,49817336,200000,1,xxxx xxxx xxxx 1111,200000
224,Hussein,Samr,5,01.0168447-4,23,29213952,200000,1,xxxx xxxx xxxx 1111,200000
225,Hashim,Yacine,5,01.0534585-4,23,15860073,200000,1,xxxx xxxx xxxx 1111,200000
226,Arafa,Rabbah,4,01.0514805-4,23,4400101,200000,1,xxxx xxxx xxxx 1111,200000
227,Nour,Nafujjah,5,01.0899987-4,23,38132098,200000,1,xxxx xxxx xxxx 1111,200000
228,Elgamal,Nadja,4,01.0192831-4,23,38652026,200000,1,xxxx xxxx xxxx 1111,200000
229,Gamal,Abu,2,01.0010074-4,23,-723711,200000,1,xxxx xxxx xxxx 1111,200000
230,Zidan,Aziz,4,01.0931413-4,23,35730042,200000,1,xxxx xxxx xxxx 1111,200000
231,Badr,Waleed,5,01.0351942-4,23,34997288,200000,1,xxxx xxxx xxxx 1111,200000
232,Kamal,Aisha,5,01.0205441-4,23,47056946,200000,1,xxxx xxxx xxxx 1111,200000
233,Samy,Boulos,4,01.0307565-4,23,-5061990,200000,1,xxxx xxxx xxxx 1111,200000
234,Farid,Sadam,1,01.0889873-4,23,-3514503,200000,1,xxxx xxxx xxxx 1111,200000
235,Darwish,Nafujjah,3,01.0242620-4,23,14970488,200000,1,xxxx xxxx xxxx 1111,200000
236,Mahmoud,Bashar,1,01.0161754-4,23,16523900,200000,1,xxxx xxxx xxxx 1111,200000
237,Kareem,Yusuf,2,01.0865827-4,23,39000432,200000,1,xxxx xxxx xxxx 1111,200000
238,Rizk,Mahmoud,5,01.0284802-4,23,-868187,200000,1,xxxx xxxx xxxx 1111,200000
239,Zaher,Rasheeda,2,01.0106679-4,23,8911561,200000,1,xxxx xxxx xxxx 1111,200000
240,Fawzi,Nazim,2,01.0607520-4,23,32991120,200000,1,xxxx xxxx xxxx 1111,200000
241,Darwish,Mahmoud,5,01.0854067-4,23,37819616,200000,1,xxxx xxxx xxxx 1111,200000
242,Kandil,Mussa,2,01.0618656-4,23,116269,200000,1,xxxx xxxx xxxx 1111,200000
243,Diab,Ab,1,01.0076500-4,23,-3868110,200000,1,xxxx xxxx xxxx 1111,200000
244,Mohamed,Yahia,2,01.0454879-4,23,48330763,200000,1,xxxx xxxx xxxx 1111,200000
245,Basha,Aisha,5,01.0325144-4,23,38021557,200000,1,xxxx xxxx xxxx 1111,200000
246,Mourad,Anwar,5,01.0733066-4,23,24273531,200000,1,xxxx xxxx xxxx 1111,200000
247,Gassem,Amalia,3,01.0338634-4,23,-4935667,200000,1,xxxx xxxx xxxx 1111,200000
248,Fathi,Fatmah,1,01.0190221-4,23,3855503,200000,1,xxxx xxxx xxxx 1111,200000
249,Fikry,Mussa,1,01.0491997-4,23,6376473,200000,1,xxxx xxxx xxxx 1111,200000
250,Saied,Ashraqat,3,01.0741178-4,23,-7255812,200000,1,xxxx xxxx xxxx 1111,200000
251,Elsharkawy,Waleed,4,01.0935868-4,23,11847085,200000,1,xxxx xxxx xxxx 1111,200000
252,Farag,Afreen,4,01.0864848-4,23,26671325,200000,1,xxxx xxxx xxxx 1111,200000
253,Fouda,Wael,5,01.0558155-4,23,41689478,200000,1,xxxx xxxx xxxx 1111,200000
254,Hany,Mussa,5,01.0772303-4,23,17995429,200000,1,xxxx xxxx xxxx 1111,200000
255,Soliman,Mohamed,3,01.0604997-4,23,5258170,200000,1,xxxx xxxx xxxx 1111,200000
256,Waheed,Aziz,3,01.0708851-4,23,9567510,200000,1,xxxx xxxx xxxx 1111,200000
257,Salem,Zakaryya,3,01.0051231-4,23,-2788641,200000,1,xxxx xxxx xxxx 1111,200000
258,Elnagar,Asma,1,01.0398922-4,23,13082475,200000,1,xxxx xxxx xxxx 1111,200000
259,Sabry,Rabbah,4,01.0613014-4,23,-7561221,200000,1,xxxx xxxx xxxx 1111,200000
260,Hanna,Mohamed,4,01.0418466-4,23,30583935,200000,1,xxxx xxxx xxxx 1111,200000
261,Ayoub,Amal,1,01.0067074-4,23,16780319,200000,1,xxxx xxxx xxxx 1111,200000
262,Lotfy,Mohamed,5,01.0209225-4,23,23223779,200000,1,xxxx xxxx xxxx 1111,200000
263,Mahfouz,Yacine,3,01.0820191-4,23,-4005600,200000,1,xxxx xxxx xxxx 1111,200000
264,Hafez,Sadam,2,01.0859957-4,23,383193,200000,1,xxxx xxxx xxxx 1111,200000
265,Abdo,Mussa,4,01.0864106-4,23,29642135,200000,1,xxxx xxxx xxxx 1111,200000
266,Amer,Abdul,3,01.0258302-4,23,-9814100,200000,1,xxxx xxxx xxxx 1111,200000
267,Emara,Bushra,4,01.0560706-4,23,49680400,200000,1,xxxx xxxx xxxx 1111,200000
268,Mido,Abu,3,01.0854995-4,23,34989201,200000,1,xxxx xxxx xxxx 1111,200000
269,Basha,Rabbah,4,01.0229883-4,23,21150195,200000,1,xxxx xxxx xxxx 1111,200000
270,Abdelfattah,Uday,4,01.0476299-4,23,18231074,200000,1,xxxx xxxx xxxx 1111,200000
271,Islam,Habiba,5,01.0956441-4,23,8353106,200000,1,xxxx xxxx xxxx 1111,200000
272,Arafa,Rasheed,1,01.0216837-4,23,23180095,200000,1,xxxx xxxx xxxx 1111,200000
273,Bayoumi,Mohamed,1,01.0894358-4,23,18140932,200000,1,xxxx xxxx xxxx 1111,200000
274,Nagy,Afreen,2,01.0992050-4,23,9955352,200000,1,xxxx xxxx xxxx 1111,200000
275,Azmy,Yahia,2,01.0527279-4,23,45032018,200000,1,xxxx xxxx xxxx 1111,200000
276,Badawi,Kareem,1,01.0376937-4,23,11142290,200000,1,xxxx xxxx xxxx 1111,200000
277,Othman,Nazim,5,01.0221400-4,23,48052725,200000,1,xxxx xxxx xxxx 1111,200000
278,Gabr,Hassanya,3,01.0931122-4,23,33167358,200000,1,xxxx xxxx xxxx 1111,200000
279,Elshamy,Hassanya,1,01.0422638-4,23,20820093,200000,1,xxxx xxxx xxxx 1111,200000
280,Ghaly,Sadam,5,01.0192209-4,23,21982484,200000,1,xxxx xxxx xxxx 1111,200000
281,Marzouk,Mahmoud,5,01.0310229-4,23,33810117,200000,1,xxxx xxxx xxxx 1111,200000
282,AbdallahMaher,Wael,1,01.0324542-4,23,12473381,200000,1,xxxx xxxx xxxx 1111,200000
283,Nada,Rasheeda,2,01.0998656-4,23,-7896200,200000,1,xxxx xxxx xxxx 1111,200000
284,Shams,Bushra,3,01.0450735-4,23,36785278,200000,1,xxxx xxxx xxxx 1111,200000
285,Hussien,Kareem,1,01.0888442-4,23,4860068,200000,1,xxxx xxxx xxxx 1111,200000
286,Samir,Mahmoud,3,01.0044761-4,23,34749087,200000,1,xxxx xxxx xxxx 1111,200000
287,Ismail,Kadr,2,01.0332100-4,23,46742808,200000,1,xxxx xxxx xxxx 1111,200000
288,Salim,Nazim,1,01.0712343-4,23,2298124,200000,1,xxxx xxxx xxxx 1111,200000
289,Yahia,Amal,3,01.0127084-4,23,1814757,200000,1,xxxx xxxx xxxx 1111,200000
290,Hazem,Yacine,1,01.0810141-4,23,-6807381,200000,1,xxxx xxxx xxxx 1111,200000
291,Morsi,Zakaryya,2,01.0953212-4,23,39832641,200000,1,xxxx xxxx xxxx 1111,200000
292,Badran,Bushra,4,01.0708720-4,23,38931585,200000,1,xxxx xxxx xxxx 1111,200000
293,Badawi,Boutheina,5,01.0905859-4,23,-8149213,200000,1,xxxx xxxx xxxx 1111,200000
294,Rashad,Bashar,4,01.0425343-4,23,46627318,200000,1,xxxx xxxx xxxx 1111,200000
295,Saad,Yahia,1,01.0606269-4,23,23856285,200000,1,xxxx xxxx xxxx 1111,200000
296,Maged,Bashar,1,01.0211090-4,23,6103511,200000,1,xxxx xxxx xxxx 1111,200000
297,Attia,Rasheeda,3,01.0280507-4,23,10058063,200000,1,xxxx xxxx xxxx 1111,200000
298,Badran,Umar,1,01.0392490-4,23,1407075,200000,1,xxxx xxxx xxxx 1111,200000
299,Nasr,Zakaryya,1,01.0875042-4,23,16443723,200000,1,xxxx xxxx xxxx 1111,200000
300,Shalaby,Rasheeda,1,01.0740012-4,23,45629742,200000,1,xxxx xxxx xxxx 1111,200000
301,Khaled,Aziz,2,01.0718276-4,23,24128631,200000,1,xxxx xxxx xxxx 1111,200000
302,Hatem,Rasheeda,2,01.0890016-4,23,47376177,200000,1,xxxx xxxx xxxx 1111,200000
303,Abdou,Sadam,1,01.0422060-4,23,-6766181,200000,1,xxxx xxxx xxxx 1111,200000
304,Hany,Yacine,2,01.0685457-4,23,17604176,200000,1,xxxx xxxx xxxx 1111,200000
305,Amer,Boulos,2,01.0104787-4,23,41839450,200000,1,xxxx xxxx xxxx 1111,200000
306,Rashad,Yacine,1,01.0219876-4,23,-6629017,200000,1,xxxx xxxx xxxx 1111,200000
307,Mokhtar,Anwar,5,01.0099570-4,23,26298686,200000,1,xxxx xxxx xxxx 1111,200000
308,Wadesdani,Wael,3,01.0341518-4,23,41754932,200000,1,xxxx xxxx xxxx 1111,200000
309,Fouda,Boutheina,4,01.0831036-4,23,37351050,200000,1,xxxx xxxx xxxx 1111,200000
310,Tharwat,Asma,3,01.0797032-4,23,-8642525,200000,1,xxxx xxxx xxxx 1111,200000
311,Shokry,Dalal,3,01.0312973-4,23,32536051,200000,1,xxxx xxxx xxxx 1111,200000
312,Anwer,Jibrail,2,01.0597025-4,23,40452904,200000,1,xxxx xxxx xxxx 1111,200000
313,Yahia,Afreen,2,01.0850267-4,23,6650148,200000,1,xxxx xxxx xxxx 1111,200000
314,Mohmed,Bashar,3,01.0669523-4,23,39761824,200000,1,xxxx xxxx xxxx 1111,200000
315,Khaled,Habiba,1,01.0881931-4,23,20757496,200000,1,xxxx xxxx xxxx 1111,200000
316,Sobhy,Bashar,4,01.0271320-4,23,17531241,200000,1,xxxx xxxx xxxx 1111,200000
317,Hanna,Mahmoud,2,01.0243167-4,23,9665309,200000,1,xxxx xxxx xxxx 1111,200000
318,Zahran,Mohamed,5,01.0909896-4,23,7635331,200000,1,xxxx xxxx xxxx 1111,200000
319,Eldeeb,Samr,1,01.0851684-4,23,19094348,200000,1,xxxx xxxx xxxx 1111,200000
320,Kareem,Aziz,3,01.0203599-4,23,14151495,200000,1,xxxx xxxx xxxx 1111,200000
321,Shehab,Abdul,5,01.0031859-4,23,6135245,200000,1,xxxx xxxx xxxx 1111,200000
322,Afifi,Dalal,1,01.0327558-4,23,12410606,200000,1,xxxx xxxx xxxx 1111,200000
323,Shafik,Anwar,2,01.0588160-4,23,-8026151,200000,1,xxxx xxxx xxxx 1111,200000
324,Makram,Yahia,4,01.0477732-4,23,33797915,200000,1,xxxx xxxx xxxx 1111,200000
325,Ammar,Kadr,4,01.0890312-4,23,46277289,200000,1,xxxx xxxx xxxx 1111,200000
326,Medhat,Sadam,2,01.0534726-4,23,40104759,200000,1,xxxx xxxx xxxx 1111,200000
327,El msra,Jibrail,3,01.0466269-4,23,16701007,200000,1,xxxx xxxx xxxx 1111,200000
328,Wadesdani,Dalal,3,01.0105108-4,23,1523183,200000,1,xxxx xxxx xxxx 1111,200000
329,Mamdouh,Abdul,1,01.0436689-4,23,37306158,200000,1,xxxx xxxx xxxx 1111,200000
330,El jazzar,Boulos,4,01.0013301-4,23,-1150952,200000,1,xxxx xxxx xxxx 1111,200000
331,Yasser,Kadr,5,01.0859287-4,23,46919977,200000,1,xxxx xxxx xxxx 1111,200000
332,Zidan,Rasheed,4,01.0206605-4,23,22490737,200000,1,xxxx xxxx xxxx 1111,200000
333,Elbanna,Yehia,3,01.0502200-4,23,-6100956,200000,1,xxxx xxxx xxxx 1111,200000
334,Shams,Abu,1,01.0661072-4,23,30122744,200000,1,xxxx xxxx xxxx 1111,200000
335,Elsharkawy,Wael,4,01.0974467-4,23,10407338,200000,1,xxxx xxxx xxxx 1111,200000
336,Kamal,Zahir,3,01.0355704-4,23,28357866,200000,1,xxxx xxxx xxxx 1111,200000
337,Hasan,Boutheina,3,01.0809091-4,23,33507161,200000,1,xxxx xxxx xxxx 1111,200000
338,Arafa,Nazim,4,01.0948470-4,23,41610076,200000,1,xxxx xxxx xxxx 1111,200000
339,Kamel,Rabbah,2,01.0981053-4,23,35122379,200000,1,xxxx xxxx xxxx 1111,200000
340,Hazem,Mussa,3,01.0584834-4,23,28732811,200000,1,xxxx xxxx xxxx 1111,200000
341,Galal,Yusuf,5,01.0954889-4,23,45926563,200000,1,xxxx xxxx xxxx 1111,200000
342,Lalh,Mussa,5,01.0669531-4,23,29330439,200000,1,xxxx xxxx xxxx 1111,200000
343,Moussa,Abdul Latif,3,01.0062657-4,23,30523533,200000,1,xxxx xxxx xxxx 1111,200000
344,Hamdi,Kadr,1,01.0736688-4,23,36934938,200000,1,xxxx xxxx xxxx 1111,200000
345,Moawad,Ashraqat,3,01.0970125-4,23,38760337,200000,1,xxxx xxxx xxxx 1111,200000
346,Fouad,Sadam,4,01.0926318-4,23,5369300,200000,1,xxxx xxxx xxxx 1111,200000
347,Ragab,Aziz,3,01.0933788-4,23,48542808,200000,1,xxxx xxxx xxxx 1111,200000
348,Abdelaziz,Rashida,3,01.0717344-4,23,41412874,200000,1,xxxx xxxx xxxx 1111,200000
349,Elnaggar,Yusuf,3,01.0144515-4,23,-8471123,200000,1,xxxx xxxx xxxx 1111,200000
350,Gabr,Mohamed,2,01.0092850-4,23,21162588,200000,1,xxxx xxxx xxxx 1111,200000
351,Emad,Chaima,5,01.0842998-4,23,38549397,200000,1,xxxx xxxx xxxx 1111,200000
352,Helal,Kareem,2,01.0915236-4,23,-2212123,200000,1,xxxx xxxx xxxx 1111,200000
353,Elshamy,Zakaryya,3,01.0767308-4,23,21072528,200000,1,xxxx xxxx xxxx 1111,200000
354,Taher,Bashar,5,01.0454709-4,23,46230806,200000,1,xxxx xxxx xxxx 1111,200000
355,Hamdy,Yusuf,5,01.0001970-4,23,-1512840,200000,1,xxxx xxxx xxxx 1111,200000
356,Salama,Habiba,3,01.0027370-4,23,28561821,200000,1,xxxx xxxx xxxx 1111,200000
357,Amin,Asma,1,01.0660756-4,23,7892595,200000,1,xxxx xxxx xxxx 1111,200000
358,Mohamed,Boutheina,4,01.0625080-4,23,-2588340,200000,1,xxxx xxxx xxxx 1111,200000
359,Saad,Ashraqat,2,01.0358322-4,23,15359669,200000,1,xxxx xxxx xxxx 1111,200000
360,Elgamal,Wael,1,01.0905156-4,23,30074681,200000,1,xxxx xxxx xxxx 1111,200000
361,Auljunh,Dalal,5,01.0149213-4,23,124902,200000,1,xxxx xxxx xxxx 1111,200000
362,Aly,Dalal,4,01.0822013-4,23,14193786,200000,1,xxxx xxxx xxxx 1111,200000
363,Wahba,Muammar,1,01.0866856-4,23,26386607,200000,1,xxxx xxxx xxxx 1111,200000
364,Ezz,Abdul,4,01.0553511-4,23,20491700,200000,1,xxxx xxxx xxxx 1111,200000
365,Eissa,Zahir,2,01.0664402-4,23,29606921,200000,1,xxxx xxxx xxxx 1111,200000
366,Farahat,Jibrail,4,01.0313522-4,23,7018545,200000,1,xxxx xxxx xxxx 1111,200000
367,Zaky,Umar,3,01.0817348-4,23,-4364252,200000,1,xxxx xxxx xxxx 1111,200000
368,Hussein,Wael,5,01.0980248-4,23,22672371,200000,1,xxxx xxxx xxxx 1111,200000
369,Badr,Amalia,2,01.0397013-4,23,42219217,200000,1,xxxx xxxx xxxx 1111,200000
370,Shokry,Yehia,1,01.0073897-4,23,7625662,200000,1,xxxx xxxx xxxx 1111,200000
371,Elgamal,Mohamed,3,01.0420327-4,23,49205164,200000,1,xxxx xxxx xxxx 1111,200000
372,Rashwan,Mohamed,1,01.0560530-4,23,42596752,200000,1,xxxx xxxx xxxx 1111,200000
373,Zaher,Habiba,2,01.0008652-4,23,5622226,200000,1,xxxx xxxx xxxx 1111,200000
374,Labib,Kareem,5,01.0637580-4,23,19424217,200000,1,xxxx xxxx xxxx 1111,200000
375,Sakr,Yusuf,3,01.0305636-4,23,45544218,200000,1,xxxx xxxx xxxx 1111,200000
376,Sabry,Aziz,5,01.0279656-4,23,21521729,200000,1,xxxx xxxx xxxx 1111,200000
377,Sadek,Rashida,5,01.0187118-4,23,8857762,200000,1,xxxx xxxx xxxx 1111,200000
378,Hamdi,Sadam,2,01.0613937-4,23,27693638,200000,1,xxxx xxxx xxxx 1111,200000
379,Abdul,Kadr,1,01.0153511-4,23,42598704,200000,1,xxxx xxxx xxxx 1111,200000
380,Lalh,Samr,4,01.0382214-4,23,33045582,200000,1,xxxx xxxx xxxx 1111,200000
381,Shaheen,Mussa,3,01.0275127-4,23,-6772811,200000,1,xxxx xxxx xxxx 1111,200000
382,Abu muhammad,Waleed,2,01.0693566-4,23,42681479,200000,1,xxxx xxxx xxxx 1111,200000
383,Essam,Mussa,5,01.0505318-4,23,-8062172,200000,1,xxxx xxxx xxxx 1111,200000
384,Ramadan,Bashar,5,01.0916384-4,23,42321661,200000,1,xxxx xxxx xxxx 1111,200000
385,Shahin,Nafujjah,3,01.0097789-4,23,27155968,200000,1,xxxx xxxx xxxx 1111,200000
386,Hamad,Zakaryya,4,01.0846921-4,23,22277538,200000,1,xxxx xxxx xxxx 1111,200000
387,Ali,Yehia,5,01.0147390-4,23,26102111,200000,1,xxxx xxxx xxxx 1111,200000
388,Labib,Zakaryya,4,01.0110295-4,23,35007021,200000,1,xxxx xxxx xxxx 1111,200000
389,Abdalla,Mahmoud,2,01.0829676-4,23,3714497,200000,1,xxxx xxxx xxxx 1111,200000
390,Raslan,Kadr,4,01.0155875-4,23,49594983,200000,1,xxxx xxxx xxxx 1111,200000
391,Elgohary,Rabbah,5,01.0712605-4,23,-792409,200000,1,xxxx xxxx xxxx 1111,200000
392,Diab,Chaima,5,01.0932273-4,23,-2442390,200000,1,xxxx xxxx xxxx 1111,200000
393,Shalaby,Wael,4,01.0112953-4,23,16468960,200000,1,xxxx xxxx xxxx 1111,200000
394,Abdullah,Anwar,4,01.0377368-4,23,31862232,200000,1,xxxx xxxx xxxx 1111,200000
395,Salim,Aisha,5,01.0175639-4,23,-5462871,200000,1,xxxx xxxx xxxx 1111,200000
396,Alahyat,Aziz,5,01.0974478-4,23,40552278,200000,1,xxxx xxxx xxxx 1111,200000
397,Rabie,Sadam,3,01.0649539-4,23,5652251,200000,1,xxxx xxxx xxxx 1111,200000
398,De ana,Amal,4,01.0077131-4,23,43051245,200000,1,xxxx xxxx xxxx 1111,200000
399,Ezzat,Aisha,3,01.0875682-4,23,35105606,200000,1,xxxx xxxx xxxx 1111,200000
400,Maluf,Aziz,2,01.0920324-4,23,8074834,200000,1,xxxx xxxx xxxx 1111,200000
401,Elsheikh,Ashraqat,3,01.0125159-4,23,2139897,200000,1,xxxx xxxx xxxx 1111,200000
402,Muhammad,Boutheina,4,01.0634938-4,23,11030154,200000,1,xxxx xxxx xxxx 1111,200000
403,Saber,Abdul,4,01.0797580-4,23,39151843,200000,1,xxxx xxxx xxxx 1111,200000
404,Shehata,Abdul Latif,1,01.0683812-4,23,44002234,200000,1,xxxx xxxx xxxx 1111,200000
405,Tito,Abdul Latif,2,01.0305529-4,23,46653035,200000,1,xxxx xxxx xxxx 1111,200000
406,Mourad,Yacine,5,01.0493524-4,23,42934713,200000,1,xxxx xxxx xxxx 1111,200000
407,Hassan,Mussa,5,01.0168962-4,23,20022410,200000,1,xxxx xxxx xxxx 1111,200000
408,Khalil,Uday,2,01.0954183-4,23,15912622,200000,1,xxxx xxxx xxxx 1111,200000
409,Elnagar,Yusuf,4,01.0875553-4,23,11045406,200000,1,xxxx xxxx xxxx 1111,200000
410,Essa,Amal,1,01.0505016-4,23,45781043,200000,1,xxxx xxxx xxxx 1111,200000
411,Hakim,Boutheina,4,01.0828970-4,23,18173932,200000,1,xxxx xxxx xxxx 1111,200000
412,Nour,Yacine,2,01.0941006-4,23,39383611,200000,1,xxxx xxxx xxxx 1111,200000
413,Sami,Kareem,2,01.0841662-4,23,41261948,200000,1,xxxx xxxx xxxx 1111,200000
414,Mohamed,Mussa,5,01.0753441-4,23,14494065,200000,1,xxxx xxxx xxxx 1111,200000
415,Ibrahem,Boulos,2,01.0597443-4,23,38029299,200000,1,xxxx xxxx xxxx 1111,200000
416,Ayad,Yahia,3,01.0927797-4,23,32306676,200000,1,xxxx xxxx xxxx 1111,200000
417,Essa,Nadja,4,01.0689194-4,23,8901711,200000,1,xxxx xxxx xxxx 1111,200000
418,Mohamad,Hassanya,1,01.0339133-4,23,40002313,200000,1,xxxx xxxx xxxx 1111,200000
419,Riad,Amal,1,01.0985420-4,23,30577817,200000,1,xxxx xxxx xxxx 1111,200000
420,Nasser,Muammar,1,01.0459042-4,23,33861802,200000,1,xxxx xxxx xxxx 1111,200000
421,Ezab,Abdul,3,01.0765144-4,23,29337933,200000,1,xxxx xxxx xxxx 1111,200000
422,Elmasry,Bashar,1,01.0857205-4,23,28220007,200000,1,xxxx xxxx xxxx 1111,200000
423,Yarb,Ashraqat,1,01.0671499-4,23,36446426,200000,1,xxxx xxxx xxxx 1111,200000
424,Abu,Hassanya,5,01.0983424-4,23,8994814,200000,1,xxxx xxxx xxxx 1111,200000
425,Yousef,Rasheeda,1,01.0393466-4,23,7584079,200000,1,xxxx xxxx xxxx 1111,200000
426,Farid,Mahmoud,4,01.0149019-4,23,7041912,200000,1,xxxx xxxx xxxx 1111,200000
427,Ghaly,Zahir,5,01.0535671-4,23,28474279,200000,1,xxxx xxxx xxxx 1111,200000
428,Sharqawi,Uday,4,01.0484960-4,23,4027056,200000,1,xxxx xxxx xxxx 1111,200000
429,Ragab,Nazim,2,,23,33267477,200000,1,xxxx xxxx xxxx 1111,200000
430,Nasser,Yehia,3,01.0809263-4,23,8993705,200000,1,xxxx xxxx xxxx 1111,200000
431,Eid,Waleed,3,01.0662288-4,23,22777863,200000,1,xxxx xxxx xxxx 1111,200000
432,Auljunh,Afrin,1,01.0438550-4,23,40063909,200000,1,xxxx xxxx xxxx 1111,200000
